name,parliament_num,party,n_statements,n_times_interjected,gender
"Abbott, Tony",39,LIB,500,411,male
"Abbott, Tony",40,LIB,1258,655,male
"Abbott, Tony",41,LIB,918,519,male
"Abbott, Tony",42,LIB,354,78,male
"Abbott, Tony",43,LIB,963,225,male
"Abbott, Tony",44,LIB,2761,1771,male
"Abbott, Tony",45,LIB,19,2,male
"Adams, Dick",39,ALP,107,20,male
"Adams, Dick",40,ALP,69,30,male
"Adams, Dick",41,ALP,79,16,male
"Adams, Dick",42,ALP,70,11,male
"Adams, Dick",43,ALP,103,3,male
"Albanese, Anthony",39,ALP,220,63,male
"Albanese, Anthony",40,ALP,194,49,male
"Albanese, Anthony",41,ALP,451,146,male
"Albanese, Anthony",42,ALP,1085,418,male
"Albanese, Anthony",43,ALP,1705,389,male
"Albanese, Anthony",44,ALP,482,98,male
"Albanese, Anthony",45,ALP,237,44,male
"Albanese, Anthony",46,ALP,1068,92,male
"Albanese, Anthony",47,ALP,2412,1463,male
"Alexander, John",43,LIB,118,6,male
"Alexander, John",44,LIB,115,4,male
"Alexander, John",45,LIB,119,3,male
"Alexander, John",46,LIB,105,0,male
"Allen, Katie",46,LIB,268,19,female
"Aly, Anne",45,ALP,96,17,female
"Aly, Anne",46,ALP,129,23,female
"Aly, Anne",47,ALP,118,19,female
"Ananda-Rajah, Michelle",47,ALP,139,10,female
"Anderson, John",39,NP,915,541,male
"Anderson, John",40,NP,626,352,male
"Anderson, John",41,NP,219,72,male
"Andren, Peter",39,IND,173,24,male
"Andren, Peter",40,IND,164,40,male
"Andren, Peter",41,IND,133,18,male
"Andrew, Neil",39,LIB,1,0,male
"Andrews, Karen",43,LIB,78,5,female
"Andrews, Karen",44,LIB,105,5,female
"Andrews, Karen",45,LIB,112,14,female
"Andrews, Karen",46,LIB,220,49,female
"Andrews, Karen",47,LIB,75,11,female
"Andrews, Kevin",39,LIB,116,22,male
"Andrews, Kevin",40,LIB,358,162,male
"Andrews, Kevin",41,LIB,633,328,male
"Andrews, Kevin",42,LIB,32,7,male
"Andrews, Kevin",43,LIB,121,40,male
"Andrews, Kevin",44,LIB,230,80,male
"Andrews, Kevin",45,LIB,121,1,male
"Andrews, Kevin",46,LIB,152,11,male
"Anthony, Larry (Lawrence)",39,NP,325,140,male
"Anthony, Larry (Lawrence)",40,NP,338,164,male
"Archer, Bridget",46,LIB,137,2,female
"Archer, Bridget",47,LIB,62,1,female
"Bailey, Fran",39,LIB,133,28,female
"Bailey, Fran",40,LIB,33,1,female
"Bailey, Fran",41,LIB,106,40,female
"Bailey, Fran",42,LIB,31,2,female
"Baird, Bruce",39,LIB,245,62,male
"Baird, Bruce",40,LIB,202,35,male
"Baird, Bruce",41,LIB,194,36,male
"Baker, Mark",41,LIB,114,25,male
"Baldwin, Bob",40,LIB,179,59,male
"Baldwin, Bob",41,LIB,124,29,male
"Baldwin, Bob",42,LIB,157,44,male
"Baldwin, Bob",43,LIB,244,37,male
"Baldwin, Bob",44,LIB,138,24,male
"Bandt, Adam",43,GRN,266,35,male
"Bandt, Adam",44,GRN,251,28,male
"Bandt, Adam",45,GRN,252,57,male
"Bandt, Adam",46,GRN,316,33,male
"Bandt, Adam",47,GRN,230,41,male
"Banks, Julia",45,IND,7,0,female
"Banks, Julia",45,LIB,112,19,female
"Barresi, Phil",39,LIB,103,19,male
"Barresi, Phil",40,LIB,101,23,male
"Barresi, Phil",41,LIB,182,54,male
"Bartlett, Kerry",39,LIB,124,15,male
"Bartlett, Kerry",40,LIB,117,19,male
"Bartlett, Kerry",41,LIB,224,26,male
"Bates, Stephen",47,GRN,130,27,male
"Beazley, Kim (Jr)",39,ALP,1288,426,male
"Beazley, Kim (Jr)",40,ALP,53,3,male
"Beazley, Kim (Jr)",41,ALP,949,167,male
"Bell, Angie",46,LIB,178,12,female
"Bell, Angie",47,LIB,124,26,female
"Belyea, Jodie",47,ALP,51,6,female
"Bevis, Arch",39,ALP,224,73,male
"Bevis, Arch",40,ALP,72,22,male
"Bevis, Arch",41,ALP,129,31,male
"Bevis, Arch",42,ALP,104,11,male
"Bidgood, James",42,ALP,99,4,male
"Billson, Bruce",39,LIB,191,40,male
"Billson, Bruce",40,LIB,187,39,male
"Billson, Bruce",41,LIB,74,4,male
"Billson, Bruce",42,LIB,119,29,male
"Billson, Bruce",43,LIB,252,51,male
"Billson, Bruce",44,LIB,213,69,male
"Bird, Sharon",41,ALP,92,23,female
"Bird, Sharon",42,ALP,62,15,female
"Bird, Sharon",43,ALP,118,17,female
"Bird, Sharon",44,ALP,126,46,female
"Bird, Sharon",45,ALP,72,12,female
"Bird, Sharon",46,ALP,46,0,female
"Birrell, Sam",47,NP,130,16,male
"Bishop, Bronwyn",39,LIB,401,234,female
"Bishop, Bronwyn",40,LIB,70,27,female
"Bishop, Bronwyn",41,LIB,94,21,female
"Bishop, Bronwyn",42,LIB,89,21,female
"Bishop, Bronwyn",43,LIB,230,66,female
"Bishop, Bronwyn",44,LIB,710,82,female
"Bishop, Julie",39,LIB,164,24,female
"Bishop, Julie",40,LIB,175,39,female
"Bishop, Julie",41,LIB,316,179,female
"Bishop, Julie",42,LIB,320,110,female
"Bishop, Julie",43,LIB,417,111,female
"Bishop, Julie",44,LIB,519,186,female
"Bishop, Julie",45,LIB,128,47,female
"Bowen, Chris",41,ALP,235,77,male
"Bowen, Chris",42,ALP,386,118,male
"Bowen, Chris",43,ALP,323,124,male
"Bowen, Chris",44,ALP,521,184,male
"Bowen, Chris",45,ALP,365,101,male
"Bowen, Chris",46,ALP,146,21,male
"Bowen, Chris",47,ALP,477,274,male
"Boyce, Colin",47,NP,81,10,male
"Bradbury, David",42,ALP,132,29,male
"Bradbury, David",43,ALP,421,134,male
"Brereton, Laurie",39,ALP,89,15,male
"Brereton, Laurie",40,ALP,12,2,male
"Briggs, Jamie",42,LIB,169,71,male
"Briggs, Jamie",43,LIB,446,82,male
"Briggs, Jamie",44,LIB,260,136,male
"Broad, Andrew",44,NP,113,6,male
"Broad, Andrew",45,NP,172,35,male
"Broadbent, Russell",41,LIB,112,18,male
"Broadbent, Russell",42,LIB,47,13,male
"Broadbent, Russell",43,LIB,41,10,male
"Broadbent, Russell",44,LIB,136,21,male
"Broadbent, Russell",45,LIB,117,10,male
"Broadbent, Russell",46,LIB,78,4,male
"Broadbent, Russell",47,LIB,102,13,male
"Brodtmann, Gai",43,ALP,229,19,female
"Brodtmann, Gai",44,ALP,248,22,female
"Brodtmann, Gai",45,ALP,199,15,female
"Brough, Mal",39,LIB,221,120,male
"Brough, Mal",40,LIB,226,150,male
"Brough, Mal",41,LIB,434,161,male
"Brough, Mal",44,LIB,188,51,male
"Buchholz, Scott",43,LIB,158,42,male
"Buchholz, Scott",44,LIB,119,27,male
"Buchholz, Scott",45,LIB,136,12,male
"Buchholz, Scott",46,LIB,81,7,male
"Buchholz, Scott",47,LIB,69,9,male
"Burke, Anna",39,ALP,113,27,female
"Burke, Anna",40,ALP,92,11,female
"Burke, Anna",41,ALP,115,13,female
"Burke, Anna",42,ALP,141,9,female
"Burke, Anna",43,ALP,578,46,female
"Burke, Anna",44,ALP,86,4,female
"Burke, Tony",41,ALP,108,46,male
"Burke, Tony",42,ALP,249,132,male
"Burke, Tony",43,ALP,330,93,male
"Burke, Tony",44,ALP,454,146,male
"Burke, Tony",45,ALP,483,139,male
"Burke, Tony",46,ALP,438,57,male
"Burke, Tony",47,ALP,938,189,male
"Burnell, Matt",47,ALP,205,11,male
"Burney, Linda",45,ALP,101,34,female
"Burney, Linda",46,ALP,121,33,female
"Burney, Linda",47,ALP,158,57,female
"Burns, Josh",46,ALP,145,28,male
"Burns, Josh",47,ALP,241,18,male
"Butler, Mark",42,ALP,87,8,male
"Butler, Mark",43,ALP,84,23,male
"Butler, Mark",44,ALP,122,48,male
"Butler, Mark",45,ALP,129,37,male
"Butler, Mark",46,ALP,164,57,male
"Butler, Mark",47,ALP,331,171,male
"Butler, Terri",44,ALP,156,35,female
"Butler, Terri",45,ALP,200,28,female
"Butler, Terri",46,ALP,129,38,female
"Byrne, Anthony",39,ALP,42,9,male
"Byrne, Anthony",40,ALP,44,15,male
"Byrne, Anthony",41,ALP,76,26,male
"Byrne, Anthony",42,ALP,38,1,male
"Byrne, Anthony",43,ALP,66,2,male
"Byrne, Anthony",44,ALP,26,0,male
"Byrne, Anthony",45,ALP,24,1,male
"Byrne, Anthony",46,ALP,15,0,male
"Byrnes, Alison",47,ALP,139,5,female
"Cadman, Alan",39,LIB,178,62,male
"Cadman, Alan",40,LIB,175,52,male
"Cadman, Alan",41,LIB,125,21,male
"Caldwell, Cameron",47,LIB,43,6,male
"Cameron, Ross",39,LIB,127,32,male
"Cameron, Ross",40,LIB,174,23,male
"Campbell, Jodie",42,ALP,61,0,female
"Causley, Ian",39,NP,179,116,male
"Causley, Ian",40,NP,178,47,male
"Causley, Ian",41,NP,207,46,male
"Chalmers, Jim",44,ALP,183,38,male
"Chalmers, Jim",45,ALP,151,50,male
"Chalmers, Jim",46,ALP,230,39,male
"Chalmers, Jim",47,ALP,692,390,male
"Champion, Nick",42,ALP,93,17,male
"Champion, Nick",43,ALP,139,40,male
"Champion, Nick",44,ALP,241,115,male
"Champion, Nick",45,ALP,183,95,male
"Champion, Nick",46,ALP,11,0,male
"Chandler-Mather, Max",47,GRN,175,50,male
"Chaney, Kate",47,IND,166,10,female
"Charles, Bob",39,LIB,175,23,male
"Charles, Bob",40,LIB,91,6,male
"Charlton, Andrew",47,ALP,119,6,male
"Cheeseman, Darren",42,ALP,119,15,male
"Cheeseman, Darren",43,ALP,104,9,male
"Chester, Darren",42,NP,63,16,male
"Chester, Darren",43,NP,199,75,male
"Chester, Darren",44,NP,111,42,male
"Chester, Darren",45,NP,257,68,male
"Chester, Darren",46,NP,129,13,male
"Chester, Darren",47,NP,116,33,male
"Chesters, Lisa",44,ALP,294,36,female
"Chesters, Lisa",45,ALP,158,16,female
"Chesters, Lisa",46,ALP,89,3,female
"Chesters, Lisa",47,ALP,184,23,female
"Christensen, George",43,NP,198,40,male
"Christensen, George",44,NP,127,18,male
"Christensen, George",45,NP,128,13,male
"Christensen, George",46,NP,135,13,male
"Christensen, George",47,NP,1,0,male
"Ciobo, Steve",40,LIB,162,53,male
"Ciobo, Steve",41,LIB,148,35,male
"Ciobo, Steve",42,LIB,98,28,male
"Ciobo, Steve",43,LIB,114,24,male
"Ciobo, Steve",44,LIB,215,61,male
"Ciobo, Steve",45,LIB,159,24,male
"Clare, Jason",42,ALP,126,35,male
"Clare, Jason",43,ALP,209,58,male
"Clare, Jason",44,ALP,98,35,male
"Clare, Jason",45,ALP,46,25,male
"Clare, Jason",46,ALP,53,8,male
"Clare, Jason",47,ALP,211,62,male
"Claydon, Sharon",44,ALP,181,9,female
"Claydon, Sharon",45,ALP,105,12,female
"Claydon, Sharon",46,ALP,151,8,female
"Claydon, Sharon",47,ALP,173,7,female
"Cobb, John",40,NP,102,17,male
"Cobb, John",41,NP,65,20,male
"Cobb, John",42,NP,76,18,male
"Cobb, John",43,NP,125,30,male
"Cobb, John",44,NP,85,8,male
"Coker, Libby",46,ALP,108,1,female
"Coker, Libby",47,ALP,152,5,female
"Coleman, David",44,LIB,178,16,male
"Coleman, David",45,LIB,227,18,male
"Coleman, David",46,LIB,72,4,male
"Coleman, David",47,LIB,97,21,male
"Collins, Julie",42,ALP,81,12,female
"Collins, Julie",43,ALP,65,5,female
"Collins, Julie",44,ALP,73,24,female
"Collins, Julie",45,ALP,74,18,female
"Collins, Julie",46,ALP,110,22,female
"Collins, Julie",47,ALP,275,140,female
"Combet, Greg",42,ALP,254,56,male
"Combet, Greg",43,ALP,434,152,male
"Conaghan, Pat",46,NP,160,6,male
"Conaghan, Pat",47,NP,105,22,male
"Connelly, Vince",46,LIB,125,5,male
"Conroy, Pat",44,ALP,1333,43,male
"Conroy, Pat",45,ALP,143,38,male
"Conroy, Pat",46,ALP,206,30,male
"Conroy, Pat",47,ALP,69,21,male
"Corcoran, Ann",39,ALP,12,0,female
"Corcoran, Ann",40,ALP,46,2,female
"Corcoran, Ann",41,ALP,44,4,female
"Costello, Peter",39,LIB,1519,1014,male
"Costello, Peter",40,LIB,1049,609,male
"Costello, Peter",41,LIB,1120,589,male
"Costello, Peter",42,LIB,11,2,male
"Coulton, Mark",42,NP,57,11,male
"Coulton, Mark",43,NP,68,11,male
"Coulton, Mark",44,NP,125,4,male
"Coulton, Mark",45,NP,111,14,male
"Coulton, Mark",46,NP,105,18,male
"Coulton, Mark",47,NP,88,11,male
"Cox, David",39,ALP,159,40,male
"Cox, David",40,ALP,238,95,male
"Crean, Simon",39,ALP,896,351,male
"Crean, Simon",40,ALP,881,263,male
"Crean, Simon",41,ALP,169,64,male
"Crean, Simon",42,ALP,98,28,male
"Crean, Simon",43,ALP,170,50,male
"Crewther, Chris",45,LIB,146,5,male
"Crook, Tony",43,NP,67,2,male
"Crosio, Janice",39,ALP,113,8,female
"Crosio, Janice",40,ALP,108,18,female
"D'Ath, Yvette",42,ALP,91,7,female
"D'Ath, Yvette",43,ALP,155,31,female
"Danby, Michael",39,ALP,105,11,male
"Danby, Michael",40,ALP,120,6,male
"Danby, Michael",41,ALP,86,8,male
"Danby, Michael",42,ALP,81,5,male
"Danby, Michael",43,ALP,122,47,male
"Danby, Michael",44,ALP,97,6,male
"Danby, Michael",45,ALP,37,4,male
"Daniel, Zoe",47,IND,195,13,female
"Debus, Bob",42,ALP,73,8,male
"Dick, Milton",45,ALP,174,44,male
"Dick, Milton",46,ALP,155,32,male
"Dick, Milton",47,ALP,1028,66,male
"Downer, Alexander",39,LIB,293,80,male
"Downer, Alexander",40,LIB,814,388,male
"Downer, Alexander",41,LIB,688,342,male
"Downer, Alexander",42,LIB,1,0,male
"Doyle, Mary",47,ALP,54,5,female
"Draper, Trish",39,LIB,88,5,female
"Draper, Trish",40,LIB,97,12,female
"Draper, Trish",41,LIB,83,9,female
"Dreyfus, Mark",42,ALP,165,29,male
"Dreyfus, Mark",43,ALP,176,66,male
"Dreyfus, Mark",44,ALP,272,99,male
"Dreyfus, Mark",45,ALP,223,77,male
"Dreyfus, Mark",46,ALP,221,56,male
"Dreyfus, Mark",47,ALP,287,81,male
"Drum, Kevin",45,NP,149,17,male
"Drum, Kevin",46,NP,146,25,male
"Dutton, Peter",40,LIB,109,24,male
"Dutton, Peter",41,LIB,220,64,male
"Dutton, Peter",42,LIB,178,44,male
"Dutton, Peter",43,LIB,123,34,male
"Dutton, Peter",44,LIB,609,264,male
"Dutton, Peter",45,LIB,441,179,male
"Dutton, Peter",46,LIB,456,95,male
"Dutton, Peter",47,LIB,551,139,male
"Edwards, Graham",39,ALP,80,4,male
"Edwards, Graham",40,ALP,94,27,male
"Edwards, Graham",41,ALP,63,10,male
"Elliot, Justine",41,ALP,83,13,female
"Elliot, Justine",42,ALP,93,30,female
"Elliot, Justine",43,ALP,57,14,female
"Elliot, Justine",44,ALP,120,17,female
"Elliot, Justine",45,ALP,91,4,female
"Elliot, Justine",46,ALP,65,0,female
"Elliot, Justine",47,ALP,65,12,female
"Ellis, Annette",39,ALP,92,4,female
"Ellis, Annette",40,ALP,73,6,female
"Ellis, Annette",41,ALP,86,1,female
"Ellis, Annette",42,ALP,56,2,female
"Ellis, Kate",41,ALP,68,20,female
"Ellis, Kate",42,ALP,112,44,female
"Ellis, Kate",43,ALP,83,11,female
"Ellis, Kate",44,ALP,109,35,female
"Ellis, Kate",45,ALP,33,4,female
"Elson, Kay",39,LIB,98,14,female
"Elson, Kay",40,LIB,64,6,female
"Elson, Kay",41,LIB,38,0,female
"Emerson, Craig",39,ALP,244,75,male
"Emerson, Craig",40,ALP,346,149,male
"Emerson, Craig",41,ALP,207,66,male
"Emerson, Craig",42,ALP,289,153,male
"Emerson, Craig",43,ALP,221,66,male
"Entsch, Warren",39,LIB,70,3,male
"Entsch, Warren",40,LIB,49,1,male
"Entsch, Warren",41,LIB,43,1,male
"Entsch, Warren",43,LIB,61,6,male
"Entsch, Warren",44,LIB,88,7,male
"Entsch, Warren",45,LIB,103,1,male
"Entsch, Warren",46,LIB,93,0,male
"Entsch, Warren",47,LIB,34,0,male
"Evans, Gareth",39,ALP,10,0,male
"Evans, Martyn",39,ALP,47,17,male
"Evans, Martyn",40,ALP,36,4,male
"Evans, Trevor",45,LIB,131,7,male
"Evans, Trevor",46,LIB,142,5,male
"Fahey, John",39,LIB,234,118,male
"Falinski, Jason",45,LIB,167,33,male
"Falinski, Jason",46,LIB,276,51,male
"Farmer, Pat",40,LIB,82,13,male
"Farmer, Pat",41,LIB,49,2,male
"Farmer, Pat",42,LIB,19,2,male
"Fawcett, David",41,LIB,156,15,male
"Feeney, David",44,ALP,87,16,male
"Feeney, David",45,ALP,29,0,male
"Ferguson, Alan",39,LIB,1,0,male
"Ferguson, Laurie",39,ALP,152,82,male
"Ferguson, Laurie",40,ALP,119,72,male
"Ferguson, Laurie",41,ALP,67,14,male
"Ferguson, Laurie",42,ALP,64,14,male
"Ferguson, Laurie",43,ALP,119,29,male
"Ferguson, Laurie",44,ALP,101,12,male
"Ferguson, Martin",39,ALP,174,43,male
"Ferguson, Martin",40,ALP,208,59,male
"Ferguson, Martin",41,ALP,184,33,male
"Ferguson, Martin",42,ALP,172,78,male
"Ferguson, Martin",43,ALP,135,21,male
"Ferguson, Michael",41,LIB,162,41,male
"Fernando, Cassandra",47,ALP,183,6,female
"Fischer, Tim",39,NP,176,49,male
"Fitzgibbon, Joel",39,ALP,223,95,male
"Fitzgibbon, Joel",40,ALP,186,72,male
"Fitzgibbon, Joel",41,ALP,347,163,male
"Fitzgibbon, Joel",42,ALP,135,85,male
"Fitzgibbon, Joel",43,ALP,214,34,male
"Fitzgibbon, Joel",44,ALP,255,84,male
"Fitzgibbon, Joel",45,ALP,291,111,male
"Fitzgibbon, Joel",46,ALP,92,41,male
"Fletcher, Paul",42,LIB,15,4,male
"Fletcher, Paul",43,LIB,359,18,male
"Fletcher, Paul",44,LIB,211,56,male
"Fletcher, Paul",45,LIB,310,53,male
"Fletcher, Paul",46,LIB,279,84,male
"Fletcher, Paul",47,LIB,364,98,male
"Flint, Nicolle",45,LIB,161,15,female
"Flint, Nicolle",46,LIB,142,4,female
"Forrest, John (Alexander)",39,NP,93,13,male
"Forrest, John (Alexander)",40,NP,49,7,male
"Forrest, John (Alexander)",41,NP,61,2,male
"Forrest, John (Alexander)",42,NP,45,7,male
"Forrest, John (Alexander)",43,NP,27,2,male
"Freelander, Mike",45,ALP,95,12,male
"Freelander, Mike",46,ALP,144,9,male
"Freelander, Mike",47,ALP,123,11,male
"Frydenberg, Josh",43,LIB,104,20,male
"Frydenberg, Josh",44,LIB,205,54,male
"Frydenberg, Josh",45,LIB,518,187,male
"Frydenberg, Josh",46,LIB,710,261,male
"Gallus, Chris",39,LIB,116,33,female
"Gallus, Chris",40,LIB,49,21,female
"Gambaro, Teresa",39,LIB,191,47,female
"Gambaro, Teresa",40,LIB,100,7,female
"Gambaro, Teresa",41,LIB,46,2,female
"Gambaro, Teresa",43,LIB,169,22,female
"Gambaro, Teresa",44,LIB,126,22,female
"Garland, Carina",47,ALP,169,6,female
"Garrett, Peter",41,ALP,164,30,male
"Garrett, Peter",42,ALP,300,144,male
"Garrett, Peter",43,ALP,279,54,male
"Gash, Joanna",39,LIB,124,12,female
"Gash, Joanna",40,LIB,74,12,female
"Gash, Joanna",41,LIB,67,4,female
"Gash, Joanna",42,LIB,37,0,female
"Gash, Joanna",43,LIB,53,6,female
"Gee, Andrew",45,NP,134,31,male
"Gee, Andrew",46,NP,144,19,male
"Gee, Andrew",47,NP,95,11,male
"Georganas, Steve",41,ALP,85,7,male
"Georganas, Steve",42,ALP,84,6,male
"Georganas, Steve",43,ALP,149,16,male
"Georganas, Steve",45,ALP,146,5,male
"Georganas, Steve",46,ALP,95,1,male
"Georganas, Steve",47,ALP,129,1,male
"George, Jennie",40,ALP,95,25,female
"George, Jennie",41,ALP,99,14,female
"George, Jennie",42,ALP,56,5,female
"Georgiou, Petro",39,LIB,103,31,male
"Georgiou, Petro",40,LIB,64,8,male
"Georgiou, Petro",41,LIB,36,1,male
"Georgiou, Petro",42,LIB,21,5,male
"Gerick, Jane",39,ALP,56,3,female
"Gibbons, Steve",39,ALP,66,8,male
"Gibbons, Steve",40,ALP,46,5,male
"Gibbons, Steve",41,ALP,49,9,male
"Gibbons, Steve",42,ALP,51,3,male
"Gibbons, Steve",43,ALP,21,2,male
"Giles, Andrew",44,ALP,224,57,male
"Giles, Andrew",45,ALP,109,28,male
"Giles, Andrew",46,ALP,119,36,male
"Giles, Andrew",47,ALP,251,128,male
"Gillard, Julia",39,ALP,148,42,female
"Gillard, Julia",40,ALP,338,152,female
"Gillard, Julia",41,ALP,503,203,female
"Gillard, Julia",42,ALP,1202,772,female
"Gillard, Julia",43,ALP,2935,1646,female
"Gillespie, David",44,NP,145,11,male
"Gillespie, David",45,NP,92,5,male
"Gillespie, David",46,NP,180,7,male
"Gillespie, David",47,NP,106,7,male
"Goodenough, Ian",44,LIB,108,7,male
"Goodenough, Ian",45,LIB,178,6,male
"Goodenough, Ian",46,LIB,112,3,male
"Goodenough, Ian",47,LIB,54,7,male
"Gorman, Patrick",45,ALP,23,3,male
"Gorman, Patrick",46,ALP,112,19,male
"Gorman, Patrick",47,ALP,166,41,male
"Gosling, Luke",45,ALP,166,15,male
"Gosling, Luke",46,ALP,167,6,male
"Gosling, Luke",47,ALP,205,12,male
"Gray, Gary",42,ALP,91,16,male
"Gray, Gary",43,ALP,214,12,male
"Gray, Gary",44,ALP,71,1,male
"Grierson, Sharon",40,ALP,77,16,female
"Grierson, Sharon",41,ALP,77,7,female
"Grierson, Sharon",42,ALP,79,3,female
"Grierson, Sharon",43,ALP,82,2,female
"Griffin, Alan",39,ALP,74,24,male
"Griffin, Alan",40,ALP,65,10,male
"Griffin, Alan",41,ALP,70,11,male
"Griffin, Alan",42,ALP,113,31,male
"Griffin, Alan",43,ALP,21,2,male
"Griffin, Alan",44,ALP,41,5,male
"Griggs, Natasha",43,LIB,108,14,female
"Griggs, Natasha",44,LIB,236,48,female
"Haase, Barry",39,LIB,86,8,male
"Haase, Barry",40,LIB,90,10,male
"Haase, Barry",41,LIB,73,2,male
"Haase, Barry",42,LIB,51,6,male
"Haase, Barry",43,LIB,49,9,male
"Haines, Helen",46,IND,182,6,female
"Haines, Helen",47,IND,196,6,female
"Hale, Damian",42,ALP,128,31,male
"Hall, Jill",39,ALP,154,29,female
"Hall, Jill",40,ALP,200,46,female
"Hall, Jill",41,ALP,166,22,female
"Hall, Jill",42,ALP,122,22,female
"Hall, Jill",43,ALP,153,19,female
"Hall, Jill",44,ALP,192,46,female
"Hamilton, Garth",46,LIB,38,1,male
"Hamilton, Garth",47,LIB,126,24,male
"Hammond, Celia",46,LIB,155,4,female
"Hammond, Tim",45,ALP,92,21,male
"Hardgrave, Gary",39,LIB,279,124,male
"Hardgrave, Gary",40,LIB,115,51,male
"Hardgrave, Gary",41,LIB,230,75,male
"Hart, Ross",45,ALP,105,3,male
"Hartsuyker, Luke",40,NP,134,39,male
"Hartsuyker, Luke",41,NP,133,23,male
"Hartsuyker, Luke",42,NP,138,63,male
"Hartsuyker, Luke",43,NP,167,41,male
"Hartsuyker, Luke",44,NP,206,47,male
"Hartsuyker, Luke",45,NP,90,14,male
"Hastie, Andrew",44,LIB,33,2,male
"Hastie, Andrew",45,LIB,165,21,male
"Hastie, Andrew",46,LIB,87,2,male
"Hastie, Andrew",47,LIB,104,10,male
"Hatton, Michael",39,ALP,56,16,male
"Hatton, Michael",40,ALP,151,50,male
"Hatton, Michael",41,ALP,136,31,male
"Hawke, Alex",42,LIB,65,3,male
"Hawke, Alex",43,LIB,100,8,male
"Hawke, Alex",44,LIB,245,80,male
"Hawke, Alex",45,LIB,140,28,male
"Hawke, Alex",46,LIB,109,40,male
"Hawke, Alex",47,LIB,64,4,male
"Hawker, David",39,LIB,173,21,male
"Hawker, David",40,LIB,74,10,male
"Hawker, David",41,LIB,1,0,male
"Hawker, David",42,LIB,20,4,male
"Hayes, Chris",41,ALP,135,13,male
"Hayes, Chris",42,ALP,162,14,male
"Hayes, Chris",43,ALP,214,36,male
"Hayes, Chris",44,ALP,133,23,male
"Hayes, Chris",45,ALP,64,6,male
"Hayes, Chris",46,ALP,86,3,male
"Henderson, Sarah",44,LIB,225,55,female
"Henderson, Sarah",45,LIB,178,43,female
"Hendy, Peter",44,LIB,177,29,male
"Henry, Stuart",41,LIB,141,16,male
"Hill, Julian",45,ALP,224,43,male
"Hill, Julian",46,ALP,168,14,male
"Hill, Julian",47,ALP,212,58,male
"Hoare, Kelly",39,ALP,70,6,female
"Hoare, Kelly",40,ALP,73,5,female
"Hoare, Kelly",41,ALP,49,5,female
"Hockey, Joe",39,LIB,657,325,male
"Hockey, Joe",40,LIB,360,201,male
"Hockey, Joe",41,LIB,328,154,male
"Hockey, Joe",42,LIB,451,158,male
"Hockey, Joe",43,LIB,773,263,male
"Hockey, Joe",44,LIB,1213,666,male
"Hogan, Kevin",44,NP,159,16,male
"Hogan, Kevin",45,NP,145,19,male
"Hogan, Kevin",46,NP,112,13,male
"Hogan, Kevin",47,NP,186,55,male
"Hollis, Colin",39,ALP,109,13,male
"Horne, Bob",39,ALP,265,94,male
"Howard, John",39,LIB,1964,1106,male
"Howard, John",40,LIB,1776,973,male
"Howard, John",41,LIB,2315,1013,male
"Howarth, Luke",44,LIB,142,42,male
"Howarth, Luke",45,LIB,200,38,male
"Howarth, Luke",46,LIB,130,21,male
"Howarth, Luke",47,LIB,171,53,male
"Hull, Kay",39,NP,111,15,female
"Hull, Kay",40,NP,101,18,female
"Hull, Kay",41,NP,158,42,female
"Hull, Kay",42,NP,84,11,female
"Hunt, Greg",40,LIB,169,27,male
"Hunt, Greg",41,LIB,103,40,male
"Hunt, Greg",42,LIB,134,14,male
"Hunt, Greg",43,LIB,194,40,male
"Hunt, Greg",44,LIB,462,189,male
"Hunt, Greg",45,LIB,353,104,male
"Hunt, Greg",46,LIB,568,147,male
"Husar, Emma",45,ALP,143,23,female
"Husic, Ed",43,ALP,189,69,male
"Husic, Ed",44,ALP,237,82,male
"Husic, Ed",45,ALP,160,67,male
"Husic, Ed",46,ALP,143,22,male
"Husic, Ed",47,ALP,139,54,male
"Hutchinson, Eric",44,LIB,207,23,male
"Irons, Steve",42,LIB,57,16,male
"Irons, Steve",43,LIB,110,20,male
"Irons, Steve",44,LIB,206,58,male
"Irons, Steve",45,LIB,197,49,male
"Irons, Steve",46,LIB,39,1,male
"Irwin, Julia",39,ALP,120,15,female
"Irwin, Julia",40,ALP,115,12,female
"Irwin, Julia",41,ALP,84,9,female
"Irwin, Julia",42,ALP,51,2,female
"Jackson, Sharryn",40,ALP,85,14,female
"Jackson, Sharryn",42,ALP,90,8,female
"Jenkins, Harry (Jr)",39,ALP,120,13,male
"Jenkins, Harry (Jr)",40,ALP,100,15,male
"Jenkins, Harry (Jr)",41,ALP,138,42,male
"Jenkins, Harry (Jr)",42,ALP,2,0,male
"Jenkins, Harry (Jr)",43,ALP,312,66,male
"Jensen, Dennis",41,LIB,72,7,male
"Jensen, Dennis",42,LIB,42,7,male
"Jensen, Dennis",43,LIB,70,4,male
"Jensen, Dennis",44,LIB,198,4,male
"Johnson, Michael",40,LIB,105,18,male
"Johnson, Michael",41,LIB,150,29,male
"Johnson, Michael",42,IND,4,1,male
"Johnson, Michael",42,LIB,93,28,male
"Jones, Ewen",43,LIB,122,16,male
"Jones, Ewen",44,LIB,190,27,male
"Jones, Stephen",43,ALP,251,46,male
"Jones, Stephen",44,ALP,238,61,male
"Jones, Stephen",45,ALP,175,30,male
"Jones, Stephen",46,ALP,263,109,male
"Jones, Stephen",47,ALP,311,69,male
"Joyce, Barnaby",44,NP,537,198,male
"Joyce, Barnaby",45,NP,408,190,male
"Joyce, Barnaby",46,NP,305,66,male
"Joyce, Barnaby",47,NP,166,42,male
"Jull, David",39,LIB,75,6,male
"Jull, David",40,LIB,68,2,male
"Jull, David",41,LIB,63,2,male
"Katter, Bob (Jr)",39,IND,6,0,male
"Katter, Bob (Jr)",39,NP,49,12,male
"Katter, Bob (Jr)",40,IND,148,37,male
"Katter, Bob (Jr)",41,IND,200,51,male
"Katter, Bob (Jr)",42,IND,177,40,male
"Katter, Bob (Jr)",43,IND,57,7,male
"Katter, Bob (Jr)",43,KAP,189,44,male
"Katter, Bob (Jr)",44,KAP,180,37,male
"Katter, Bob (Jr)",45,KAP,246,45,male
"Katter, Bob (Jr)",46,KAP,192,26,male
"Katter, Bob (Jr)",47,KAP,196,17,male
"Kearney, Ged",45,ALP,41,1,female
"Kearney, Ged",46,ALP,139,17,female
"Kearney, Ged",47,ALP,103,5,female
"Keay, Justine",45,ALP,124,6,female
"Keenan, Michael",41,LIB,124,42,male
"Keenan, Michael",42,LIB,141,52,male
"Keenan, Michael",43,LIB,190,55,male
"Keenan, Michael",44,LIB,241,70,male
"Keenan, Michael",45,LIB,236,98,male
"Kelly, Craig",43,LIB,156,19,male
"Kelly, Craig",44,LIB,311,68,male
"Kelly, Craig",45,LIB,279,71,male
"Kelly, Craig",46,LIB,154,29,male
"Kelly, De-Anne",39,NP,222,88,female
"Kelly, De-Anne",40,NP,176,88,female
"Kelly, De-Anne",41,NP,129,38,female
"Kelly, Jackie",39,LIB,101,60,female
"Kelly, Jackie",40,LIB,74,10,female
"Kelly, Jackie",41,LIB,93,9,female
"Kelly, Mike",42,ALP,143,5,male
"Kelly, Mike",43,ALP,66,11,male
"Kelly, Mike",45,ALP,60,3,male
"Kelly, Mike",46,ALP,19,7,male
"Kemp, David",39,LIB,740,456,male
"Kemp, David",40,LIB,145,72,male
"Kennedy, Simon",47,LIB,45,9,male
"Keogh, Matt",45,ALP,288,13,male
"Keogh, Matt",46,ALP,113,10,male
"Keogh, Matt",47,ALP,116,32,male
"Kernot, Cheryl",39,ALP,223,70,female
"Kerr, Duncan",39,ALP,230,91,male
"Kerr, Duncan",40,ALP,79,13,male
"Kerr, Duncan",41,ALP,121,21,male
"Kerr, Duncan",42,ALP,16,1,male
"Khalil, Peter",45,ALP,82,4,male
"Khalil, Peter",46,ALP,110,6,male
"Khalil, Peter",47,ALP,168,12,male
"King, Catherine",40,ALP,106,14,female
"King, Catherine",41,ALP,111,18,female
"King, Catherine",42,ALP,82,5,female
"King, Catherine",43,ALP,59,6,female
"King, Catherine",44,ALP,207,71,female
"King, Catherine",45,ALP,113,38,female
"King, Catherine",46,ALP,164,41,female
"King, Catherine",47,ALP,333,148,female
"King, Madeleine",45,ALP,125,21,female
"King, Madeleine",46,ALP,74,8,female
"King, Madeleine",47,ALP,117,39,female
"King, Peter",40,LIB,152,20,male
"Lamb, Susan",45,ALP,75,8,female
"Laming, Andrew",41,LIB,128,23,male
"Laming, Andrew",42,LIB,59,8,male
"Laming, Andrew",43,LIB,74,10,male
"Laming, Andrew",44,LIB,142,15,male
"Laming, Andrew",45,LIB,124,9,male
"Laming, Andrew",46,LIB,127,12,male
"Landry, Michelle",44,NP,132,8,female
"Landry, Michelle",45,NP,106,8,female
"Landry, Michelle",46,NP,37,0,female
"Landry, Michelle",47,NP,78,0,female
"Latham, Mark",39,ALP,137,34,male
"Latham, Mark",40,ALP,632,240,male
"Latham, Mark",41,ALP,103,20,male
"Laundy, Craig",44,LIB,126,14,male
"Laundy, Craig",45,LIB,142,56,male
"Lawler, Tony",39,NP,114,65,male
"Lawrence, Carmen",39,ALP,69,23,female
"Lawrence, Carmen",40,ALP,48,14,female
"Lawrence, Carmen",41,ALP,45,4,female
"Lawrence, Tania",47,ALP,183,14,female
"Laxale, Jerome",47,ALP,190,14,male
"Le, Dai",47,IND,123,12,female
"Lee, Michael",39,ALP,516,201,male
"Leeser, Julian",45,LIB,127,12,male
"Leeser, Julian",46,LIB,185,2,male
"Leeser, Julian",47,LIB,122,20,male
"Leigh, Andrew",43,ALP,250,39,male
"Leigh, Andrew",44,ALP,263,87,male
"Leigh, Andrew",45,ALP,194,48,male
"Leigh, Andrew",46,ALP,162,17,male
"Leigh, Andrew",47,ALP,165,17,male
"Ley, Sussan",40,LIB,75,4,female
"Ley, Sussan",41,LIB,81,26,female
"Ley, Sussan",42,LIB,141,22,female
"Ley, Sussan",43,LIB,126,14,female
"Ley, Sussan",44,LIB,352,152,female
"Ley, Sussan",45,LIB,117,60,female
"Ley, Sussan",46,LIB,245,49,female
"Ley, Sussan",47,LIB,356,90,female
"Lieberman, Lou",39,LIB,128,21,male
"Lim, Sam",47,ALP,96,3,male
"Lindsay, Peter",39,LIB,229,74,male
"Lindsay, Peter",40,LIB,158,43,male
"Lindsay, Peter",41,LIB,181,38,male
"Lindsay, Peter",42,LIB,160,58,male
"Littleproud, David",45,NP,159,29,male
"Littleproud, David",46,NP,274,56,male
"Littleproud, David",47,NP,176,41,male
"Liu, Gladys",46,LIB,130,4,female
"Livermore, Kirsten",39,ALP,64,10,female
"Livermore, Kirsten",40,ALP,50,16,female
"Livermore, Kirsten",41,ALP,87,19,female
"Livermore, Kirsten",42,ALP,65,5,female
"Livermore, Kirsten",43,ALP,112,3,female
"Lloyd, Jim",39,LIB,148,22,male
"Lloyd, Jim",40,LIB,168,16,male
"Lloyd, Jim",41,LIB,104,42,male
"Lyons, Geoff",43,ALP,218,10,male
"MacTiernan, Alannah",44,ALP,403,82,female
"Macfarlane, Ian",39,LIB,228,91,male
"Macfarlane, Ian",40,LIB,181,83,male
"Macfarlane, Ian",41,LIB,154,66,male
"Macfarlane, Ian",42,LIB,119,49,male
"Macfarlane, Ian",43,LIB,84,28,male
"Macfarlane, Ian",44,LIB,184,57,male
"Macklin, Jenny",39,ALP,350,78,female
"Macklin, Jenny",40,ALP,334,134,female
"Macklin, Jenny",41,ALP,269,86,female
"Macklin, Jenny",42,ALP,273,93,female
"Macklin, Jenny",43,ALP,297,73,female
"Macklin, Jenny",44,ALP,195,43,female
"Macklin, Jenny",45,ALP,127,21,female
"Marino, Nola",42,LIB,88,3,female
"Marino, Nola",43,LIB,134,20,female
"Marino, Nola",44,LIB,176,25,female
"Marino, Nola",45,LIB,154,7,female
"Marino, Nola",46,LIB,73,10,female
"Marino, Nola",47,LIB,92,6,female
"Markus, Louise",41,LIB,87,3,female
"Markus, Louise",42,LIB,48,3,female
"Markus, Louise",43,LIB,68,6,female
"Markus, Louise",44,LIB,101,4,female
"Marles, Richard",42,ALP,88,9,male
"Marles, Richard",43,ALP,43,5,male
"Marles, Richard",44,ALP,106,24,male
"Marles, Richard",45,ALP,44,6,male
"Marles, Richard",46,ALP,182,44,male
"Marles, Richard",47,ALP,258,125,male
"Martin, Fiona",46,LIB,185,11,female
"Martin, Stephen",39,ALP,176,48,male
"Martin, Stephen",40,ALP,32,14,male
"Mascarenhas, Zaneta",47,ALP,169,20,female
"Matheson, Russell",43,LIB,73,6,male
"Matheson, Russell",44,LIB,72,0,male
"May, Margaret",39,LIB,97,9,female
"May, Margaret",40,LIB,103,16,female
"May, Margaret",41,LIB,108,9,female
"May, Margaret",42,LIB,39,4,female
"McArthur, Stewart",39,LIB,171,52,male
"McArthur, Stewart",40,LIB,98,23,male
"McArthur, Stewart",41,LIB,111,21,male
"McBain, Kristy",46,ALP,74,4,female
"McBain, Kristy",47,ALP,144,65,female
"McBride, Emma",45,ALP,91,9,female
"McBride, Emma",46,ALP,107,10,female
"McBride, Emma",47,ALP,40,4,female
"McClelland, Robert",39,ALP,246,70,male
"McClelland, Robert",40,ALP,206,74,male
"McClelland, Robert",41,ALP,101,17,male
"McClelland, Robert",42,ALP,193,27,male
"McClelland, Robert",43,ALP,91,6,male
"McCormack, Michael",43,NP,237,73,male
"McCormack, Michael",44,NP,447,163,male
"McCormack, Michael",45,NP,405,109,male
"McCormack, Michael",46,NP,577,193,male
"McCormack, Michael",47,NP,348,121,male
"McFarlane, Jann",39,ALP,59,6,female
"McFarlane, Jann",40,ALP,65,11,female
"McGauran, Julian",40,NP,2,0,male
"McGauran, Peter",39,NP,330,172,male
"McGauran, Peter",40,NP,176,64,male
"McGauran, Peter",41,NP,421,158,male
"McGauran, Peter",42,NP,1,0,male
"McGowan, Cathy",44,IND,218,8,female
"McGowan, Cathy",45,IND,243,16,female
"McIntosh, Melissa",46,LIB,178,3,female
"McIntosh, Melissa",47,LIB,108,8,female
"McKenzie, Zoe",47,LIB,101,23,female
"McKew, Maxine",42,ALP,57,17,female
"McLeay, Leo",39,ALP,167,86,male
"McLeay, Leo",40,ALP,87,20,male
"McMullan, Bob",39,ALP,365,122,male
"McMullan, Bob",40,ALP,324,112,male
"McMullan, Bob",41,ALP,138,35,male
"McMullan, Bob",42,ALP,27,8,male
"McNamara, Karen",44,LIB,224,37,female
"McVeigh, John",45,LIB,102,6,male
"McVeigh, John",46,LIB,59,0,male
"Melham, Daryl",39,ALP,84,16,male
"Melham, Daryl",40,ALP,82,18,male
"Melham, Daryl",41,ALP,126,35,male
"Melham, Daryl",42,ALP,71,10,male
"Melham, Daryl",43,ALP,135,16,male
"Miller-Frost, Louise",47,ALP,206,8,female
"Mirabella, Sophie",40,LIB,93,15,female
"Mirabella, Sophie",41,LIB,112,18,female
"Mirabella, Sophie",42,LIB,71,15,female
"Mirabella, Sophie",43,LIB,136,24,female
"Mitchell, Brian",45,ALP,149,29,male
"Mitchell, Brian",46,ALP,132,8,male
"Mitchell, Brian",47,ALP,141,19,male
"Mitchell, Rob",43,ALP,151,51,male
"Mitchell, Rob",44,ALP,144,32,male
"Mitchell, Rob",45,ALP,97,10,male
"Mitchell, Rob",46,ALP,94,6,male
"Mitchell, Rob",47,ALP,181,46,male
"Moore, John",39,LIB,88,33,male
"Morris, Allan",39,ALP,114,32,male
"Morrison, Scott",42,LIB,146,41,male
"Morrison, Scott",43,LIB,420,71,male
"Morrison, Scott",44,LIB,910,425,male
"Morrison, Scott",45,LIB,1241,459,male
"Morrison, Scott",46,LIB,2346,973,male
"Morrison, Scott",47,LIB,8,0,male
"Morton, Ben",45,LIB,121,12,male
"Morton, Ben",46,LIB,124,17,male
"Mossfield, Frank",39,ALP,123,13,male
"Mossfield, Frank",40,ALP,134,27,male
"Moylan, Judi",39,LIB,151,19,female
"Moylan, Judi",40,LIB,112,4,female
"Moylan, Judi",41,LIB,133,3,female
"Moylan, Judi",42,LIB,73,5,female
"Moylan, Judi",43,LIB,54,5,female
"Mulino, Daniel",46,ALP,73,6,male
"Mulino, Daniel",47,ALP,150,3,male
"Murphy, John",39,ALP,374,105,male
"Murphy, John",40,ALP,445,136,male
"Murphy, John",41,ALP,263,73,male
"Murphy, John",42,ALP,76,10,male
"Murphy, John",43,ALP,226,15,male
"Murphy, Peta",46,ALP,205,24,female
"Murphy, Peta",47,ALP,79,16,female
"Nairn, Gary",39,LIB,146,28,male
"Nairn, Gary",40,LIB,105,10,male
"Nairn, Gary",41,LIB,159,32,male
"Neal, Belinda",42,ALP,85,4,female
"Nehl, Garry",39,NP,175,31,male
"Nelson, Brendan",39,LIB,129,23,male
"Nelson, Brendan",40,LIB,538,349,male
"Nelson, Brendan",41,LIB,284,129,male
"Nelson, Brendan",42,LIB,199,40,male
"Neumann, Shayne",42,ALP,206,12,male
"Neumann, Shayne",43,ALP,264,29,male
"Neumann, Shayne",44,ALP,140,15,male
"Neumann, Shayne",45,ALP,88,13,male
"Neumann, Shayne",46,ALP,78,6,male
"Neumann, Shayne",47,ALP,142,3,male
"Neville, Paul",39,NP,236,73,male
"Neville, Paul",40,NP,147,38,male
"Neville, Paul",41,NP,142,32,male
"Neville, Paul",42,NP,89,21,male
"Neville, Paul",43,NP,80,14,male
"Nikolic, Andrew",44,LIB,239,57,male
"Nugent, Peter",39,LIB,96,20,male
"O'Brien, Llew",45,NP,83,2,male
"O'Brien, Llew",46,NP,120,1,male
"O'Brien, Llew",47,NP,57,3,male
"O'Brien, Ted",45,LIB,195,25,male
"O'Brien, Ted",46,LIB,122,14,male
"O'Brien, Ted",47,LIB,185,69,male
"O'Byrne, Michelle",39,ALP,74,9,female
"O'Byrne, Michelle",40,ALP,127,35,female
"O'Connor, Brendan",40,ALP,181,50,male
"O'Connor, Brendan",41,ALP,216,50,male
"O'Connor, Brendan",42,ALP,185,82,male
"O'Connor, Brendan",43,ALP,239,64,male
"O'Connor, Brendan",44,ALP,178,54,male
"O'Connor, Brendan",45,ALP,127,54,male
"O'Connor, Brendan",46,ALP,73,13,male
"O'Connor, Brendan",47,ALP,106,22,male
"O'Connor, Gavan",39,ALP,186,70,male
"O'Connor, Gavan",40,ALP,194,102,male
"O'Connor, Gavan",41,ALP,197,71,male
"O'Dowd, Ken",43,NP,103,34,male
"O'Dowd, Ken",44,NP,106,12,male
"O'Dowd, Ken",45,NP,124,17,male
"O'Dowd, Ken",46,NP,185,5,male
"O'Dwyer, Kelly",42,LIB,7,1,female
"O'Dwyer, Kelly",43,LIB,143,17,female
"O'Dwyer, Kelly",44,LIB,211,38,female
"O'Dwyer, Kelly",45,LIB,288,49,female
"O'Keefe, Neil",39,ALP,89,29,male
"O'Neil, Clare",44,ALP,114,10,female
"O'Neil, Clare",45,ALP,92,25,female
"O'Neil, Clare",46,ALP,56,11,female
"O'Neil, Clare",47,ALP,255,125,female
"O'Neill, Deborah",43,ALP,243,30,female
"O'Toole, Cathy",45,ALP,134,12,female
"Oakeshott, Rob",42,IND,129,27,male
"Oakeshott, Rob",43,IND,381,54,male
"Organ, Michael",40,GRN,187,24,male
"Owens, Julie",41,ALP,99,31,female
"Owens, Julie",42,ALP,77,9,female
"Owens, Julie",43,ALP,219,23,female
"Owens, Julie",44,ALP,171,44,female
"Owens, Julie",45,ALP,100,9,female
"Owens, Julie",46,ALP,67,1,female
"Palmer, Clive",44,PUP,74,18,male
"Parke, Melissa",42,ALP,91,9,female
"Parke, Melissa",43,ALP,149,5,female
"Parke, Melissa",44,ALP,142,6,female
"Pasin, Tony",44,LIB,153,28,male
"Pasin, Tony",45,LIB,133,17,male
"Pasin, Tony",46,LIB,145,11,male
"Pasin, Tony",47,LIB,109,31,male
"Payne, Alicia",46,ALP,82,2,female
"Payne, Alicia",47,ALP,162,7,female
"Pearce, Chris",39,LIB,7,2,male
"Pearce, Chris",40,LIB,106,33,male
"Pearce, Chris",41,LIB,110,15,male
"Pearce, Chris",42,LIB,70,15,male
"Pearce, Gavin",46,LIB,123,4,male
"Pearce, Gavin",47,LIB,95,13,male
"Perrett, Graham",42,ALP,168,61,male
"Perrett, Graham",43,ALP,350,90,male
"Perrett, Graham",44,ALP,273,91,male
"Perrett, Graham",45,ALP,173,34,male
"Perrett, Graham",46,ALP,219,42,male
"Perrett, Graham",47,ALP,247,27,male
"Phelps, Kerryn",45,IND,16,0,female
"Phillips, Fiona",46,ALP,103,4,female
"Phillips, Fiona",47,ALP,135,7,female
"Pike, Henry",47,LIB,75,7,male
"Pitt, Keith",44,NP,144,19,male
"Pitt, Keith",45,NP,100,18,male
"Pitt, Keith",46,NP,173,22,male
"Pitt, Keith",47,NP,110,13,male
"Plibersek, Tanya",39,ALP,70,10,female
"Plibersek, Tanya",40,ALP,135,28,female
"Plibersek, Tanya",41,ALP,140,32,female
"Plibersek, Tanya",42,ALP,148,57,female
"Plibersek, Tanya",43,ALP,266,50,female
"Plibersek, Tanya",44,ALP,422,143,female
"Plibersek, Tanya",45,ALP,330,69,female
"Plibersek, Tanya",46,ALP,158,36,female
"Plibersek, Tanya",47,ALP,336,167,female
"Porter, Christian",44,LIB,242,100,male
"Porter, Christian",45,LIB,318,78,male
"Porter, Christian",46,LIB,719,207,male
"Prentice, Jane",43,LIB,176,9,female
"Prentice, Jane",44,LIB,243,22,female
"Prentice, Jane",45,LIB,78,9,female
"Price, Melissa",44,LIB,135,11,female
"Price, Melissa",45,LIB,166,26,female
"Price, Melissa",46,LIB,98,21,female
"Price, Melissa",47,LIB,94,3,female
"Price, Roger",39,ALP,179,43,male
"Price, Roger",40,ALP,161,28,male
"Price, Roger",41,ALP,191,43,male
"Price, Roger",42,ALP,187,18,male
"Prosser, Geoff",39,LIB,60,3,male
"Prosser, Geoff",40,LIB,44,10,male
"Prosser, Geoff",41,LIB,36,2,male
"Pyne, Christopher",39,LIB,204,85,male
"Pyne, Christopher",40,LIB,168,70,male
"Pyne, Christopher",41,LIB,101,28,male
"Pyne, Christopher",42,LIB,293,104,male
"Pyne, Christopher",43,LIB,587,207,male
"Pyne, Christopher",44,LIB,1553,550,male
"Pyne, Christopher",45,LIB,846,166,male
"Quick, Harry",39,ALP,46,4,male
"Quick, Harry",40,ALP,56,1,male
"Quick, Harry",41,ALP,31,3,male
"Quick, Harry",41,IND,2,1,male
"Rae, Sam",47,ALP,153,16,male
"Raguse, Brett",42,ALP,130,21,male
"Ramsey, Rowan",42,LIB,56,8,male
"Ramsey, Rowan",43,LIB,113,17,male
"Ramsey, Rowan",44,LIB,119,9,male
"Ramsey, Rowan",45,LIB,179,12,male
"Ramsey, Rowan",46,LIB,140,2,male
"Ramsey, Rowan",47,LIB,84,7,male
"Randall, Don",40,LIB,192,45,male
"Randall, Don",41,LIB,123,24,male
"Randall, Don",42,LIB,99,26,male
"Randall, Don",43,LIB,117,26,male
"Randall, Don",44,LIB,75,17,male
"Rea, Kerry",42,ALP,101,6,female
"Reid, Gordon",47,ALP,187,6,male
"Reith, Peter",39,LIB,1371,803,male
"Repacholi, Dan",47,ALP,184,6,male
"Richardson, Kym",41,LIB,100,9,male
"Ripoll, Bernie",39,ALP,94,24,male
"Ripoll, Bernie",40,ALP,144,45,male
"Ripoll, Bernie",41,ALP,190,62,male
"Ripoll, Bernie",42,ALP,149,28,male
"Ripoll, Bernie",43,ALP,193,37,male
"Ripoll, Bernie",44,ALP,121,40,male
"Rishworth, Amanda",42,ALP,115,13,female
"Rishworth, Amanda",43,ALP,147,14,female
"Rishworth, Amanda",44,ALP,145,35,female
"Rishworth, Amanda",45,ALP,86,10,female
"Rishworth, Amanda",46,ALP,76,3,female
"Rishworth, Amanda",47,ALP,232,70,female
"Robb, Andrew",41,LIB,131,61,male
"Robb, Andrew",42,LIB,90,14,male
"Robb, Andrew",43,LIB,208,58,male
"Robb, Andrew",44,LIB,220,81,male
"Robert, Stuart",42,LIB,149,23,male
"Robert, Stuart",43,LIB,181,15,male
"Robert, Stuart",44,LIB,218,42,male
"Robert, Stuart",45,LIB,196,20,male
"Robert, Stuart",46,LIB,279,71,male
"Robert, Stuart",47,LIB,62,13,male
"Roberts, Tracey",47,ALP,135,4,female
"Ronaldson, Michael",39,LIB,114,38,male
"Rowland, Michelle",43,ALP,179,26,female
"Rowland, Michelle",44,ALP,152,13,female
"Rowland, Michelle",45,ALP,66,7,female
"Rowland, Michelle",46,ALP,69,8,female
"Rowland, Michelle",47,ALP,159,45,female
"Roxon, Nicola",39,ALP,106,23,female
"Roxon, Nicola",40,ALP,142,58,female
"Roxon, Nicola",41,ALP,192,53,female
"Roxon, Nicola",42,ALP,504,251,female
"Roxon, Nicola",43,ALP,375,99,female
"Roy, Wyatt",43,LIB,50,2,male
"Roy, Wyatt",44,LIB,109,19,male
"Rudd, Kevin",39,ALP,159,37,male
"Rudd, Kevin",40,ALP,264,59,male
"Rudd, Kevin",41,ALP,667,164,male
"Rudd, Kevin",42,ALP,2763,1565,male
"Rudd, Kevin",43,ALP,179,38,male
"Rudd, Kevin",44,ALP,2,0,male
"Ruddock, Philip",39,LIB,389,246,male
"Ruddock, Philip",40,LIB,792,477,male
"Ruddock, Philip",41,LIB,407,89,male
"Ruddock, Philip",42,LIB,41,11,male
"Ruddock, Philip",43,LIB,87,14,male
"Ruddock, Philip",44,LIB,130,11,male
"Ryan, Joanne",44,ALP,248,15,female
"Ryan, Joanne",45,ALP,182,15,female
"Ryan, Joanne",46,ALP,128,6,female
"Ryan, Joanne",47,ALP,174,13,female
"Ryan, Monique",47,IND,165,13,female
"Saffin, Janelle",42,ALP,122,21,female
"Saffin, Janelle",43,ALP,192,23,female
"Sawford, Rod",39,ALP,70,16,male
"Sawford, Rod",40,ALP,39,8,male
"Sawford, Rod",41,ALP,23,7,male
"Scamps, Sophie",47,IND,150,6,female
"Schultz, Alby",39,LIB,68,6,male
"Schultz, Alby",40,LIB,56,3,male
"Schultz, Alby",41,LIB,68,10,male
"Schultz, Alby",42,LIB,38,4,male
"Schultz, Alby",43,LIB,65,7,male
"Sciacca, Con",39,ALP,119,43,male
"Sciacca, Con",40,ALP,32,4,male
"Scott, Bruce",39,NP,150,69,male
"Scott, Bruce",40,NP,80,13,male
"Scott, Bruce",41,NP,126,12,male
"Scott, Bruce",42,NP,106,25,male
"Scott, Bruce",43,NP,133,18,male
"Scott, Bruce",44,NP,130,1,male
"Scott, Fiona",44,LIB,161,24,female
"Scrymgour, Marion",47,ALP,109,8,female
"Secker, Patrick",39,LIB,87,5,male
"Secker, Patrick",40,LIB,74,10,male
"Secker, Patrick",41,LIB,77,12,male
"Secker, Patrick",42,LIB,68,13,male
"Secker, Patrick",43,LIB,49,5,male
"Sercombe, Bob",39,ALP,72,11,male
"Sercombe, Bob",40,ALP,26,9,male
"Sercombe, Bob",41,ALP,21,8,male
"Sharkie, Rebekha",45,CA,164,7,female
"Sharkie, Rebekha",45,NXT,166,4,female
"Sharkie, Rebekha",46,CA,335,14,female
"Sharkie, Rebekha",47,CA,148,8,female
"Sharma, Dave",46,LIB,194,11,male
"Short, Leonie",39,ALP,7,0,female
"Shorten, Bill",42,ALP,94,28,male
"Shorten, Bill",43,ALP,710,217,male
"Shorten, Bill",44,ALP,1247,411,male
"Shorten, Bill",45,ALP,839,178,male
"Shorten, Bill",46,ALP,136,17,male
"Shorten, Bill",47,ALP,179,88,male
"Sidebottom, Sid",39,ALP,123,21,male
"Sidebottom, Sid",40,ALP,136,34,male
"Sidebottom, Sid",42,ALP,170,45,male
"Sidebottom, Sid",43,ALP,142,28,male
"Simmonds, Julian",46,LIB,213,20,male
"Simpkins, Luke",42,LIB,107,14,male
"Simpkins, Luke",43,LIB,122,9,male
"Simpkins, Luke",44,LIB,129,12,male
"Sitou, Sally",47,ALP,133,6,female
"Slipper, Peter",39,LIB,497,95,male
"Slipper, Peter",40,LIB,577,116,male
"Slipper, Peter",41,LIB,209,38,male
"Slipper, Peter",42,LIB,92,17,male
"Slipper, Peter",43,IND,149,8,male
"Slipper, Peter",43,LIB,78,27,male
"Smith, David",46,ALP,35,2,male
"Smith, David",47,ALP,161,13,male
"Smith, Stephen",39,ALP,214,58,male
"Smith, Stephen",40,ALP,214,65,male
"Smith, Stephen",41,ALP,395,102,male
"Smith, Stephen",42,ALP,175,41,male
"Smith, Stephen",43,ALP,208,11,male
"Smith, Tony (Anthony David)",40,LIB,78,13,male
"Smith, Tony (Anthony David)",41,LIB,84,13,male
"Smith, Tony (Anthony David)",42,LIB,86,23,male
"Smith, Tony (Anthony David)",43,LIB,171,44,male
"Smith, Tony (Anthony David)",44,LIB,437,82,male
"Smith, Tony (Anthony David)",45,LIB,1056,108,male
"Smith, Tony (Anthony David)",46,LIB,1007,164,male
"Smyth, Laura",43,ALP,139,17,female
"Snowdon, Warren",39,ALP,255,77,male
"Snowdon, Warren",40,ALP,178,66,male
"Snowdon, Warren",41,ALP,274,101,male
"Snowdon, Warren",42,ALP,98,37,male
"Snowdon, Warren",43,ALP,82,15,male
"Snowdon, Warren",44,ALP,176,62,male
"Snowdon, Warren",45,ALP,124,55,male
"Snowdon, Warren",46,ALP,96,6,male
"Somlyay, Alex",39,LIB,89,4,male
"Somlyay, Alex",40,LIB,62,10,male
"Somlyay, Alex",41,LIB,53,4,male
"Somlyay, Alex",42,LIB,13,2,male
"Somlyay, Alex",43,LIB,9,1,male
"Southcott, Andrew",39,LIB,126,20,male
"Southcott, Andrew",40,LIB,110,16,male
"Southcott, Andrew",41,LIB,137,21,male
"Southcott, Andrew",42,LIB,105,12,male
"Southcott, Andrew",43,LIB,175,24,male
"Southcott, Andrew",44,LIB,149,13,male
"Spender, Allegra",47,IND,211,9,female
"St Clair, Stuart",39,NP,194,50,male
"Stanley, Anne",45,ALP,34,0,female
"Stanley, Anne",46,ALP,76,4,female
"Stanley, Anne",47,ALP,157,10,female
"Steggall, Zali",46,IND,216,4,female
"Steggall, Zali",47,IND,233,17,female
"Stevens, James",46,LIB,165,6,male
"Stevens, James",47,LIB,186,16,male
"Stone, Sharman",39,LIB,74,11,female
"Stone, Sharman",40,LIB,48,6,female
"Stone, Sharman",41,LIB,169,33,female
"Stone, Sharman",42,LIB,146,34,female
"Stone, Sharman",43,LIB,146,9,female
"Stone, Sharman",44,LIB,118,6,female
"Sudmalis, Ann",44,LIB,112,10,female
"Sudmalis, Ann",45,LIB,155,17,female
"Sukkar, Michael",44,LIB,137,14,male
"Sukkar, Michael",45,LIB,189,20,male
"Sukkar, Michael",46,LIB,278,36,male
"Sukkar, Michael",47,LIB,191,70,male
"Sullivan, Jon",42,ALP,101,21,male
"Sullivan, Kathy",39,LIB,31,17,female
"Swan, Wayne",39,ALP,290,84,male
"Swan, Wayne",40,ALP,281,103,male
"Swan, Wayne",41,ALP,346,61,male
"Swan, Wayne",42,ALP,1096,591,male
"Swan, Wayne",43,ALP,1344,643,male
"Swan, Wayne",44,ALP,16,2,male
"Swan, Wayne",45,ALP,32,0,male
"Swanson, Meryl",45,ALP,101,13,female
"Swanson, Meryl",46,ALP,95,11,female
"Swanson, Meryl",47,ALP,151,24,female
"Symon, Mike",42,ALP,98,6,male
"Symon, Mike",43,ALP,152,17,male
"Tanner, Lindsay",39,ALP,183,44,male
"Tanner, Lindsay",40,ALP,208,56,male
"Tanner, Lindsay",41,ALP,135,26,male
"Tanner, Lindsay",42,ALP,418,224,male
"Taylor, Angus",44,LIB,137,12,male
"Taylor, Angus",45,LIB,123,19,male
"Taylor, Angus",46,LIB,318,111,male
"Taylor, Angus",47,LIB,347,102,male
"Tehan, Dan",43,LIB,175,46,male
"Tehan, Dan",44,LIB,177,26,male
"Tehan, Dan",45,LIB,245,57,male
"Tehan, Dan",46,LIB,237,55,male
"Tehan, Dan",47,LIB,290,85,male
"Templeman, Susan",45,ALP,122,5,female
"Templeman, Susan",46,ALP,195,5,female
"Templeman, Susan",47,ALP,310,5,female
"Theophanous, Andrew",39,ALP,71,25,male
"Theophanous, Andrew",39,IND,121,23,male
"Thistlethwaite, Matt",44,ALP,238,10,male
"Thistlethwaite, Matt",45,ALP,180,9,male
"Thistlethwaite, Matt",46,ALP,181,20,male
"Thistlethwaite, Matt",47,ALP,84,7,male
"Thompson, Cameron",39,LIB,165,53,male
"Thompson, Cameron",40,LIB,83,8,male
"Thompson, Cameron",41,LIB,101,20,male
"Thompson, Phillip",46,LIB,143,12,male
"Thompson, Phillip",47,LIB,93,13,male
"Thomson, Andrew",39,LIB,136,8,male
"Thomson, Craig",42,ALP,156,27,male
"Thomson, Craig",43,ALP,73,15,male
"Thomson, Craig",43,IND,28,10,male
"Thomson, Kelvin",39,ALP,404,206,male
"Thomson, Kelvin",40,ALP,121,38,male
"Thomson, Kelvin",41,ALP,250,71,male
"Thomson, Kelvin",42,ALP,111,4,male
"Thomson, Kelvin",43,ALP,127,6,male
"Thomson, Kelvin",44,ALP,316,17,male
"Thwaites, Kate",46,ALP,91,13,female
"Thwaites, Kate",47,ALP,136,10,female
"Ticehurst, Ken",40,LIB,76,7,male
"Ticehurst, Ken",41,LIB,100,9,male
"Tink, Kylea",47,IND,225,14,female
"Tollner, Dave",40,LIB,89,17,male
"Tollner, Dave",41,LIB,106,12,male
"Trevor, Chris",42,ALP,92,1,male
"Truss, Warren",39,NP,327,141,male
"Truss, Warren",40,NP,215,61,male
"Truss, Warren",41,NP,218,91,male
"Truss, Warren",42,NP,237,43,male
"Truss, Warren",43,NP,239,32,male
"Truss, Warren",44,NP,647,296,male
"Tuckey, Wilson",39,LIB,263,155,male
"Tuckey, Wilson",40,LIB,208,88,male
"Tuckey, Wilson",41,LIB,210,85,male
"Tuckey, Wilson",42,LIB,220,74,male
"Tudge, Alan",43,LIB,150,14,male
"Tudge, Alan",44,LIB,83,14,male
"Tudge, Alan",45,LIB,193,59,male
"Tudge, Alan",46,LIB,207,37,male
"Tudge, Alan",47,LIB,18,2,male
"Turnbull, Malcolm",41,LIB,205,80,male
"Turnbull, Malcolm",42,LIB,636,107,male
"Turnbull, Malcolm",43,LIB,173,31,male
"Turnbull, Malcolm",44,LIB,1275,750,male
"Turnbull, Malcolm",45,LIB,2102,1070,male
"Turnour, James",42,ALP,114,34,male
"Vaile, Mark",39,NP,191,61,male
"Vaile, Mark",40,NP,291,148,male
"Vaile, Mark",41,NP,496,182,male
"Vaile, Mark",42,NP,1,0,male
"Vale, Danna",39,LIB,98,10,female
"Vale, Danna",40,LIB,200,95,female
"Vale, Danna",41,LIB,73,4,female
"Vale, Danna",42,LIB,24,6,female
"Vamvakinou, Maria",40,ALP,39,4,female
"Vamvakinou, Maria",41,ALP,50,8,female
"Vamvakinou, Maria",42,ALP,44,4,female
"Vamvakinou, Maria",43,ALP,51,2,female
"Vamvakinou, Maria",44,ALP,38,3,female
"Vamvakinou, Maria",45,ALP,31,1,female
"Vamvakinou, Maria",46,ALP,28,0,female
"Vamvakinou, Maria",47,ALP,90,3,female
"Varvaris, Nickolas",44,LIB,97,4,male
"Vasta, Ross",41,LIB,71,2,male
"Vasta, Ross",43,LIB,27,2,male
"Vasta, Ross",44,LIB,61,5,male
"Vasta, Ross",45,LIB,182,11,male
"Vasta, Ross",46,LIB,94,1,male
"Vasta, Ross",47,LIB,62,1,male
"Violi, Aaron",47,LIB,198,38,male
"Wakelin, Barry",39,LIB,119,31,male
"Wakelin, Barry",40,LIB,64,6,male
"Wakelin, Barry",41,LIB,91,11,male
"Wallace, Andrew",45,LIB,224,51,male
"Wallace, Andrew",46,LIB,291,27,male
"Wallace, Andrew",47,LIB,205,59,male
"Ware, Jenny",47,LIB,176,46,female
"Washer, Mal",39,LIB,75,5,male
"Washer, Mal",40,LIB,63,6,male
"Washer, Mal",41,LIB,63,2,male
"Washer, Mal",42,LIB,15,3,male
"Washer, Mal",43,LIB,15,2,male
"Watson-Brown, Elizabeth",47,GRN,134,12,female
"Watts, Tim",44,ALP,165,23,male
"Watts, Tim",45,ALP,93,17,male
"Watts, Tim",46,ALP,96,9,male
"Watts, Tim",47,ALP,45,11,male
"Webster, Anne",46,NP,193,2,female
"Webster, Anne",47,NP,115,12,female
"Wells, Anika",46,ALP,123,16,female
"Wells, Anika",47,ALP,121,37,female
"Whiteley, Brett",44,LIB,171,31,male
"Wicks, Lucy",44,LIB,121,7,female
"Wicks, Lucy",45,LIB,228,7,female
"Wicks, Lucy",46,LIB,199,10,female
"Wilkie, Andrew",43,IND,136,6,male
"Wilkie, Andrew",44,IND,112,25,male
"Wilkie, Andrew",45,IND,155,29,male
"Wilkie, Andrew",46,IND,163,11,male
"Wilkie, Andrew",47,IND,148,16,male
"Wilkie, Kim",39,ALP,69,8,male
"Wilkie, Kim",40,ALP,94,16,male
"Wilkie, Kim",41,ALP,109,24,male
"Willcox, Andrew",47,NP,129,29,male
"Williams, Daryl",39,LIB,314,64,male
"Williams, Daryl",40,LIB,304,67,male
"Williams, Matt",44,LIB,170,35,male
"Wilson, Josh",45,ALP,73,5,male
"Wilson, Josh",46,ALP,87,8,male
"Wilson, Josh",47,ALP,160,8,male
"Wilson, Rick",44,LIB,77,9,male
"Wilson, Rick",45,LIB,122,10,male
"Wilson, Rick",46,LIB,117,11,male
"Wilson, Rick",47,LIB,65,2,male
"Wilson, Tim",45,LIB,233,41,male
"Wilson, Tim",46,LIB,315,47,male
"Wilton, Greg",39,ALP,37,3,male
"Windsor, Tony",40,IND,133,45,male
"Windsor, Tony",41,IND,255,89,male
"Windsor, Tony",42,IND,145,36,male
"Windsor, Tony",43,IND,160,30,male
"Wolahan, Keith",47,LIB,176,38,male
"Wood, Jason",41,LIB,90,6,male
"Wood, Jason",42,LIB,51,4,male
"Wood, Jason",44,LIB,64,3,male
"Wood, Jason",45,LIB,120,6,male
"Wood, Jason",46,LIB,72,2,male
"Wood, Jason",47,LIB,39,6,male
"Wooldridge, Michael",39,LIB,566,222,male
"Worth, Trish",39,LIB,114,21,female
"Worth, Trish",40,LIB,107,11,female
"Wyatt, Ken",43,LIB,90,20,male
"Wyatt, Ken",44,LIB,142,28,male
"Wyatt, Ken",45,LIB,118,31,male
"Wyatt, Ken",46,LIB,87,14,male
"Young, Terry",46,LIB,86,3,male
"Young, Terry",47,LIB,67,3,male
"Zahra, Christian",39,ALP,181,62,male
"Zahra, Christian",40,ALP,158,69,male
"Zappia, Tony",42,ALP,136,20,male
"Zappia, Tony",43,ALP,173,8,male
"Zappia, Tony",44,ALP,241,20,male
"Zappia, Tony",45,ALP,135,6,male
"Zappia, Tony",46,ALP,125,4,male
"Zappia, Tony",47,ALP,130,2,male
"Zimmerman, Trent",44,LIB,6,2,male
"Zimmerman, Trent",45,LIB,105,5,male
"Zimmerman, Trent",46,LIB,102,3,male
"van Manen, Bert",43,LIB,122,29,male
"van Manen, Bert",44,LIB,150,14,male
"van Manen, Bert",45,LIB,134,6,male
"van Manen, Bert",46,LIB,143,3,male
"van Manen, Bert",47,LIB,109,28,male
